"Availability","Capital","Currency code","Currency name","Currency symbol","Flag","Holiday code","Land code","Language","Name","Partner mail","Region","VISA support","Creation Date","Modified Date","Slug","Creator","unique id"
"no","Kabul","AFN","Afghan Afghani","؋","https://flagcdn.com/af.svg","af","af","Persian","Afghanistan","afghanistan@rivermate.com","Asia","","Mar 1, 2022 1:58 pm","Jun 10, 2022 7:49 pm","","(App admin)","1646139532580x460343092158928000"
"yes","Algiers","DZD","Algerian Dinar","DA","https://flagcdn.com/dz.svg","dz","dz","Arabic","Algeria","algeria@rivermate.com","Africa","","Mar 1, 2022 1:58 pm","Jun 10, 2022 7:49 pm","","(App admin)","1646139532581x299240434720265100"
"no","Tirana","ALL","Albanian Lek","L","https://flagcdn.com/al.svg","al","al","Albanian","Albania","albania@rivermate.com","Europe","","Mar 1, 2022 1:58 pm","Jun 10, 2022 7:49 pm","","(App admin)","1646139532581x355184735452014360"
"yes","Pago Pago","USD","United States Dollar","$","https://flagcdn.com/as.svg","as","as","Samoan","American Samoa","american-samoa@rivermate.com","Oceania","","Mar 1, 2022 1:58 pm","Jun 10, 2022 7:49 pm","","(App admin)","1646139532581x606264337301987300"
"no","Mariehamn","EUR","Euro","€","https://flagcdn.com/ax.svg","ax","ax","Swedish","Aland Islands","aland-islands@rivermate.com","-","","Mar 1, 2022 1:58 pm","Jun 10, 2022 7:49 pm","","(App admin)","1646139532581x945023690872824400"
"no","Andorra la Vella","EUR","Euro","€","https://flagcdn.com/ad.svg","ad","ad","Catalana","Andorra","andorra@rivermate.com","Europe","","Mar 1, 2022 1:58 pm","Jun 10, 2022 7:49 pm","","(App admin)","1646139532582x147341721733729600"
"yes","Saint John's","XCD","East Caribbean Dollar","$","https://flagcdn.com/ag.svg","ag","ag","English","Antigua and Barbuda","antigua-and-barbuda@rivermate.com","Americas","","Mar 1, 2022 1:58 pm","Jun 10, 2022 7:49 pm","","(App admin)","1646139532582x369439030966050700"
"no","The Valley","XCD","East Caribbean Dollar","$","https://flagcdn.com/ai.svg","ai","ai","English","Anguilla","anguilla@rivermate.com","Americas","","Mar 1, 2022 1:58 pm","Jun 10, 2022 7:49 pm","","(App admin)","1646139532582x632151887570582900"
"no","-","-","-","","https://flagcdn.com/aq.svg","aq","aq","Russian","Antarctica","antarctica@rivermate.com","-","","Mar 1, 2022 1:58 pm","Jun 10, 2022 7:49 pm","","(App admin)","1646139532582x791651911360399000"
"no","Luanda","AOA","Angolan Kwanza","Kz","https://flagcdn.com/ao.svg","ao","ao","Portuguese","Angola","angola@rivermate.com","Africa","","Mar 1, 2022 1:58 pm","Jun 10, 2022 7:49 pm","","(App admin)","1646139532582x898205322905792600"
"no","Yerevan","AMD","Armenian Dram","֏","https://flagcdn.com/am.svg","am","am","Armenian","Armenia","armenia@rivermate.com","Asia","","Mar 1, 2022 1:58 pm","Jun 10, 2022 7:49 pm","","(App admin)","1646139532584x534594739695079400"
"no","Oranjestad","AWG","Aruban Florin","Afl","https://flagcdn.com/aw.svg","aw","aw","Dutch","Aruba","aruba@rivermate.com","Americas","","Mar 1, 2022 1:58 pm","Jun 10, 2022 7:49 pm","","(App admin)","1646139532584x910899707332478200"
"no","Buenos Aires","ARS","Argentine Peso","$","https://flagcdn.com/ar.svg","ar","ar","Spanish","Argentina","argentina@rivermate.com","Americas","","Mar 1, 2022 1:58 pm","Jun 10, 2022 7:49 pm","","(App admin)","1646139532584x951620076456264800"
"no","Baku","AZN","Azerbaijani Manat","₼","https://flagcdn.com/az.svg","az","az","Azerbaijani","Azerbaijan","azerbaijan@rivermate.com","Asia","","Mar 1, 2022 1:58 pm","Jun 10, 2022 7:49 pm","","(App admin)","1646139532585x197070133996601440"
"no","Vienna","EUR","Euro","€","https://flagcdn.com/at.svg","austrian","at","German","Austria","austria@rivermate.com","Europe","","Mar 1, 2022 1:58 pm","Jun 10, 2022 7:49 pm","","(App admin)","1646139532585x276662797215175840"
"no","Dhaka","BDT","Bangladeshi Taka","৳","https://flagcdn.com/bd.svg","bd","bd","Bangla","Bangladesh","bangladesh@rivermate.com","Asia","","Mar 1, 2022 1:58 pm","Jun 10, 2022 7:49 pm","","(App admin)","1646139532585x333729702201209340"
"no","Canberra","AUD","Australian Dollar","$","https://flagcdn.com/au.svg","australian","au","English","Australia","australia@rivermate.com","Oceania","","Mar 1, 2022 1:58 pm","Jun 10, 2022 7:49 pm","","(App admin)","1646139532585x433169014314562100"
"no","Nassau","BSD","Bahamian Dollar","$","https://flagcdn.com/bs.svg","bs","bs","English","Bahamas","bahamas@rivermate.com","Americas","","Mar 1, 2022 1:58 pm","Jun 10, 2022 7:49 pm","","(App admin)","1646139532585x691781493705565000"
"no","Manama","BHD","Bahraini Dinar","BD","https://flagcdn.com/bh.svg","bh","bh","Arabic","Bahrain","bahrain@rivermate.com","Asia","","Mar 1, 2022 1:58 pm","Jun 10, 2022 7:49 pm","","(App admin)","1646139532585x752299221227592600"
"no","Bridgetown","USD","United States Dollar","$","https://flagcdn.com/bb.svg","bb","bb","English","Barbados","barbados@rivermate.com","Americas","","Mar 1, 2022 1:58 pm","Jun 10, 2022 7:49 pm","","(App admin)","1646139532586x802363073802174100"
"no","Minsk","BYR","Belarusian Ruble","Br","https://flagcdn.com/by.svg","by","by","Belarusian","Belarus","belarus@rivermate.com","Europe","","Mar 1, 2022 1:58 pm","Jun 10, 2022 7:49 pm","","(App admin)","1646139532587x779408792268874400"
"no","Thimphu","BTN","Bhutanese Ngultrum","Nu.","https://flagcdn.com/bt.svg","bt","bt","Dzongkha","Bhutan","bhutan@rivermate.com","Asia","","Mar 1, 2022 1:58 pm","Jun 10, 2022 7:49 pm","","(App admin)","1646139532588x291190065758324600"
"no","Porto-Novo","XOF","Cfa Franc Bceao","CFA","https://flagcdn.com/bj.svg","bj","bj","French","Benin","benin@rivermate.com","Africa","","Mar 1, 2022 1:58 pm","Jun 10, 2022 7:49 pm","","(App admin)","1646139532588x435037787870562500"
"no","Hamilton","BMD","Bermudian Dollar","$","https://flagcdn.com/bm.svg","bm","bm","English","Bermuda","bermuda@rivermate.com","Americas","","Mar 1, 2022 1:58 pm","Jun 10, 2022 7:49 pm","","(App admin)","1646139532588x458874712983121660"
"no","Sucre","BOB","Boliviano","Bs","https://flagcdn.com/bo.svg","bo","bo","Spanish","Bolivia (Plurinational State of)","bolivia-plurinational-state-of@rivermate.com","Americas","","Mar 1, 2022 1:58 pm","Jun 10, 2022 7:49 pm","","(App admin)","1646139532588x469889435788089600"
"no","Belmopan","BZD","Belize Dollar","$","https://flagcdn.com/bz.svg","bz","bz","English","Belize","belize@rivermate.com","Americas","","Mar 1, 2022 1:58 pm","Jun 10, 2022 7:49 pm","","(App admin)","1646139532588x497271862973474000"
"no","Brussels","EUR","Euro","€","https://flagcdn.com/be.svg","be","be","Dutch","Belgium","belgium@rivermate.com","Europe","","Mar 1, 2022 1:58 pm","Jun 10, 2022 7:49 pm","","(App admin)","1646139532588x793851516842229900"
"no","Gaborone","BWP","Botswana Pula","P","https://flagcdn.com/bw.svg","bw","bw","English","Botswana","botswana@rivermate.com","Africa","","Mar 1, 2022 1:58 pm","Jun 10, 2022 7:49 pm","","(App admin)","1646139532589x207527073386601700"
"no","Kralendijk","USD","United States Dollar","$","https://flagcdn.com/bq.svg","bq","bq","Dutch","Bonaire, Sint Eustatius and Saba","bonaire-sint-eustatius-and-saba@rivermate.com","Americas","","Mar 1, 2022 1:58 pm","Jun 10, 2022 7:49 pm","","(App admin)","1646139532589x399784115104262500"
"no","Sarajevo","BAM","Bosnia And Herzegovina Convertible Mark","KM","https://flagcdn.com/ba.svg","ba","ba","Croatian","Bosnia and Herzegovina","bosnia-and-herzegovina@rivermate.com","Europe","","Mar 1, 2022 1:58 pm","Jun 10, 2022 7:49 pm","","(App admin)","1646139532589x482440118662693000"
"no","Brasileia","BRL","Brazilian Real","Cz$","https://flagcdn.com/br.svg","brazilian","br","Portuguese","Brazil","brazil@rivermate.com","Americas","","Mar 1, 2022 1:58 pm","Jun 10, 2022 7:49 pm","","(App admin)","1646139532591x276928690982788380"
"no","-","NOK","Norwegian Kroner","kr","https://flagcdn.com/bv.svg","bv","bv","-","Bouvet Island","bouvet-island@rivermate.com","Americas","","Mar 1, 2022 1:58 pm","Jun 10, 2022 7:49 pm","","(App admin)","1646139532591x427381412216144100"
"no","Diego Garcia","GBP","British Pound","£","https://flagcdn.com/io.svg","io","io","English","British Indian Ocean Territory","british-indian-ocean-territory@rivermate.com","Africa","","Mar 1, 2022 1:58 pm","Jun 10, 2022 7:49 pm","","(App admin)","1646139532599x183974506604413820"
"no","Sofia","BGN","Bulgarian Lev","лв","https://flagcdn.com/bg.svg","bulgarian","bg","Bulgarian","Bulgaria","bulgaria@rivermate.com","Europe","","Mar 1, 2022 1:58 pm","Jun 10, 2022 7:49 pm","","(App admin)","1646139532608x123399660003918670"
"no","Praia","CVE","Cape Verde Escudo","$","https://flagcdn.com/cv.svg","cv","cv","Portuguese","Cabo Verde","cabo-verde@rivermate.com","Africa","","Mar 1, 2022 1:58 pm","Jun 10, 2022 7:49 pm","","(App admin)","1646139532608x170480075111302700"
"no","Ouagadougou","XOF","Cfa Franc Bceao","CFA","https://flagcdn.com/bf.svg","bf","bf","French","Burkina Faso","burkina-faso@rivermate.com","Africa","","Mar 1, 2022 1:58 pm","Jun 10, 2022 7:49 pm","","(App admin)","1646139532608x184939339446496420"
"no","Bujumbura","BIF","Burundian Franc","FBu","https://flagcdn.com/bi.svg","bi","bi","French","Burundi","burundi@rivermate.com","Africa","","Mar 1, 2022 1:58 pm","Jun 10, 2022 7:49 pm","","(App admin)","1646139532608x505377613792496600"
"no","Bandar Seri Begawan","SGD","Brunei Dollar","$","https://flagcdn.com/bn.svg","bn","bn","Malay","Brunei Darussalam","brunei-darussalam@rivermate.com","Asia","","Mar 1, 2022 1:58 pm","Jun 10, 2022 7:49 pm","","(App admin)","1646139532608x685946978878507500"
"no","Phnom Penh","KHR","Cambodian Riel","៛","https://flagcdn.com/kh.svg","kh","kh","Khmer","Cambodia","cambodia@rivermate.com","Asia","","Mar 1, 2022 1:58 pm","Jun 10, 2022 7:49 pm","","(App admin)","1646139538653x630393599827675500"
"no","Yaounde","XAF","Cfa Franc Beac","FCFA","https://flagcdn.com/cm.svg","cm","cm","French","Cameroon","cameroon@rivermate.com","Africa","","Mar 1, 2022 1:58 pm","Jun 10, 2022 7:49 pm","","(App admin)","1646139538653x723659759156368000"
"no","Ottawa","CAD","Canadian Dollar","$","https://flagcdn.com/ca.svg","canadian","ca","French","Canada","canada@rivermate.com","Americas","","Mar 1, 2022 1:58 pm","Jun 10, 2022 7:49 pm","","(App admin)","1646139538654x452322652526812900"
"no","George Town","KYD","Cayman Islands Dollar","$","https://flagcdn.com/ky.svg","ky","ky","English","Cayman Islands","cayman-islands@rivermate.com","Americas","","Mar 1, 2022 1:58 pm","Jun 10, 2022 7:49 pm","","(App admin)","1646139538668x225676886957656640"
"no","Bangui","XAF","Cfa Franc Beac","FCFA","https://flagcdn.com/cf.svg","cf","cf","French","Central African Republic","central-african-republic@rivermate.com","Africa","","Mar 1, 2022 1:58 pm","Jun 10, 2022 7:49 pm","","(App admin)","1646139538668x409659221222875300"
"no","N'djamena","XAF","Cfa Franc Beac","FCFA","https://flagcdn.com/td.svg","td","td","Arabic","Chad","chad@rivermate.com","Africa","","Mar 1, 2022 1:58 pm","Jun 10, 2022 7:49 pm","","(App admin)","1646139538668x520474055853767040"
"no","West Island","AUD","Australian Dollar","$","https://flagcdn.com/cc.svg","cc","cc","English","Cocos (Keeling) Islands","cocos-keeling-islands@rivermate.com","Oceania","","Mar 1, 2022 1:58 pm","Jun 10, 2022 7:49 pm","","(App admin)","1646139538669x223358751672266140"
"no","Beijing","CNY","Chinese Yuan Renminbi","¥","https://flagcdn.com/cn.svg","china","cn","Chinese","China","china@rivermate.com","Asia","","Mar 1, 2022 1:58 pm","Jun 10, 2022 7:49 pm","","(App admin)","1646139538669x355426948325354500"
"no","Flying Fish Cove","AUD","Australian Dollar","$","https://flagcdn.com/cx.svg","cx","cx","English","Christmas Island","christmas-island@rivermate.com","Oceania","","Mar 1, 2022 1:58 pm","Jun 10, 2022 7:50 pm","","(App admin)","1646139538669x379055822097585700"
"no","Santiago","CLP","Chilean Peso","$","https://flagcdn.com/cl.svg","cl","cl","Spanish","Chile","chile@rivermate.com","Americas","","Mar 1, 2022 1:58 pm","Jun 10, 2022 7:50 pm","","(App admin)","1646139538669x532575177821929400"
"no","Bogota","COP","Colombian Peso","$","https://flagcdn.com/co.svg","co","co","Spanish","Colombia","colombia@rivermate.com","Americas","","Mar 1, 2022 1:58 pm","Jun 10, 2022 7:50 pm","","(App admin)","1646139538677x440371524784776600"
"no","Moroni","KMF","Comoro Franc","CF","https://flagcdn.com/km.svg","km","km","Arabic","Comoros","comoros@rivermate.com","Africa","","Mar 1, 2022 1:58 pm","Jun 10, 2022 7:50 pm","","(App admin)","1646139538677x724823097072169900"
"no","Brazzaville","XAF","Cfa Franc Beac","FCFA","https://flagcdn.com/cg.svg","cg","cg","Niger-congo","Congo","congo@rivermate.com","Africa","","Mar 1, 2022 1:58 pm","Jun 10, 2022 7:50 pm","","(App admin)","1646139538677x781223423218926800"
"no","Avarua","NZD","New Zealand Dollar","$","https://flagcdn.com/ck.svg","ck","ck","English","Cook Islands","cook-islands@rivermate.com","Oceania","","Mar 1, 2022 1:58 pm","Jun 10, 2022 7:50 pm","","(App admin)","1646139538678x523245082813341700"
"no","Yamoussoukro","XOF","Cfa Franc Bceao","CFA","https://flagcdn.com/ci.svg","ci","ci","English","Cote d'Ivoire","cote-divoire@rivermate.com","-","","Mar 1, 2022 1:58 pm","Jun 10, 2022 7:50 pm","","(App admin)","1646139538678x555747511149720100"
"no","San Jose","CRC","Costa Rican Colon","₡","https://flagcdn.com/cr.svg","cr","cr","Spanish","Costa Rica","costa-rica@rivermate.com","Americas","","Mar 1, 2022 1:58 pm","Jun 10, 2022 7:50 pm","","(App admin)","1646139538678x592350300239179440"
"no","Kinshasa","CDF","Congolese Franc","FCFA","https://flagcdn.com/cd.svg","cd","cd","-","Congo (Democratic Republic of the)","congo-democratic-republic-of-the@rivermate.com","-","","Mar 1, 2022 1:58 pm","Jun 10, 2022 7:50 pm","","(App admin)","1646139538678x612941251416113700"
"no","Willemstad","ANG","Nl Antillian Guilder","ƒ","https://flagcdn.com/cw.svg","cw","cw","Dutch","Curacao","curacao@rivermate.com","Americas","","Mar 1, 2022 1:58 pm","Jun 10, 2022 7:50 pm","","(App admin)","1646139538679x263398978735354340"
"no","Zagreb","HRK","Croatian Kuna","kn","https://flagcdn.com/hr.svg","croatian","hr","Croatian","Croatia","croatia@rivermate.com","Europe","","Mar 1, 2022 1:58 pm","Jun 10, 2022 7:50 pm","","(App admin)","1646139538679x480387566417587200"
"no","Havana","CUC","Cuban Convertible Peso","$","https://flagcdn.com/cu.svg","cu","cu","Spanish","Cuba","cuba@rivermate.com","Americas","","Mar 1, 2022 1:58 pm","Jun 10, 2022 7:50 pm","","(App admin)","1646139538679x992906456145090400"
"no","Prague","CZK","Czech Koruna","Kč","https://flagcdn.com/cz.svg","czech","cz","Czech","Czechia","czechia@rivermate.com","Europe","","Mar 1, 2022 1:58 pm","Jun 10, 2022 7:50 pm","","(App admin)","1646139538688x154687695610197920"
"no","Nicosia","EUR","Euro","€","https://flagcdn.com/cy.svg","cy","cy","Greek","Cyprus","cyprus@rivermate.com","Asia","","Mar 1, 2022 1:58 pm","Jun 10, 2022 7:50 pm","","(App admin)","1646139538688x367445375156749700"
"no","Roseau","XCD","East Caribbean Dollar","$","https://flagcdn.com/dm.svg","dm","dm","French","Dominica","dominica@rivermate.com","Americas","","Mar 1, 2022 1:58 pm","Jun 10, 2022 7:50 pm","","(App admin)","1646139538688x412240985479404200"
"no","Djibouti","DJF","Djiboutian Franc","Fdj","https://flagcdn.com/dj.svg","dj","dj","French","Djibouti","djibouti@rivermate.com","Africa","","Mar 1, 2022 1:58 pm","Jun 10, 2022 7:50 pm","","(App admin)","1646139538688x714931522167348500"
"no","Copenhagen","DKK","Danish Krone","kr.","https://flagcdn.com/dk.svg","danish","dk","Danish","Denmark","denmark@rivermate.com","Europe","","Mar 1, 2022 1:58 pm","Jun 10, 2022 7:50 pm","","(App admin)","1646139538688x850943520836445000"
"no","Cairo","EGP","Egyptian Pound","E£","https://flagcdn.com/eg.svg","eg","eg","Arabic","Egypt","egypt@rivermate.com","Africa","","Mar 1, 2022 1:58 pm","Jun 10, 2022 7:50 pm","","(App admin)","1646139538689x311471175182171500"
"no","Malabo","XAF","Cfa Franc Beac","FCFA","https://flagcdn.com/gq.svg","gq","gq","Spanish","Equatorial Guinea","equatorial-guinea@rivermate.com","Africa","","Mar 1, 2022 1:58 pm","Jun 10, 2022 7:50 pm","","(App admin)","1646139538689x387614118486464800"
"no","Santo Domingo","DOP","Dominican Peso","$","https://flagcdn.com/do.svg","do","do","Spanish","Dominican Republic","dominican-republic@rivermate.com","Americas","","Mar 1, 2022 1:58 pm","Jun 10, 2022 7:50 pm","","(App admin)","1646139538689x483308749839242560"
"no","Quito","USD","United States Dollar","$","https://flagcdn.com/ec.svg","ec","ec","Spanish","Ecuador","ecuador@rivermate.com","Americas","","Mar 1, 2022 1:58 pm","Jun 10, 2022 7:50 pm","","(App admin)","1646139538689x638672673002894800"
"no","San Salvador","NOK","Norwegian Kroner","kr","https://flagcdn.com/sv.svg","sv","sv","Spanish","El Salvador","el-salvador@rivermate.com","Americas","","Mar 1, 2022 1:58 pm","Jun 10, 2022 7:50 pm","","(App admin)","1646139538689x787742393829063600"
"no","Asmara","ERN","Eritrean Nakfa","Nkf","https://flagcdn.com/er.svg","er","er","Tigrinya","Eritrea","eritrea@rivermate.com","Africa","","Mar 1, 2022 1:58 pm","Jun 10, 2022 7:50 pm","","(App admin)","1646139538698x464892882851881500"
"no","Mbabane","SZL","Swazi Lilangeni","L","https://flagcdn.com/sz.svg","sz","sz","English","Eswatini","eswatini@rivermate.com","Africa","","Mar 1, 2022 1:58 pm","Jun 10, 2022 7:50 pm","","(App admin)","1646139538698x777013259209901000"
"no","Tallinn","EUR","Euro","€","https://flagcdn.com/ee.svg","ee","ee","Estoniana","Estonia","estonia@rivermate.com","Europe","","Mar 1, 2022 1:58 pm","Jun 10, 2022 7:50 pm","","(App admin)","1646139538698x841051744375347400"
"no","Cayenne","EUR","Euro","€","https://flagcdn.com/gf.svg","gf","gf","French","French Guiana","french-guiana@rivermate.com","Americas","","Mar 1, 2022 1:58 pm","Jun 10, 2022 7:50 pm","","(App admin)","1646139538699x270186285888157200"
"no","Stanley","FKP","Falkland Islands Pound","£","https://flagcdn.com/fk.svg","fk","fk","English","Falkland Islands (Malvinas)","falkland-islands-malvinas@rivermate.com","Americas","","Mar 1, 2022 1:58 pm","Jun 10, 2022 7:50 pm","","(App admin)","1646139538699x401055658281172600"
"no","Paris","EUR","Euro","€","https://flagcdn.com/fr.svg","french","fr","French","France","france@rivermate.com","Europe","","Mar 1, 2022 1:58 pm","Jun 10, 2022 7:50 pm","","(App admin)","1646139538699x441998518967102300"
"no","Torshavn","DKK","Danish Krone","kr","https://flagcdn.com/fo.svg","fo","fo","Faroese","Faroe Islands","faroe-islands@rivermate.com","Europe","","Mar 1, 2022 1:58 pm","Jun 10, 2022 7:50 pm","","(App admin)","1646139538699x727507327128791300"
"no","Addis Ababa","ETB","Ethiopian Birr","Br","https://flagcdn.com/et.svg","et","et","Amharic","Ethiopia","ethiopia@rivermate.com","Africa","","Mar 1, 2022 1:58 pm","Jun 10, 2022 7:50 pm","","(App admin)","1646139538699x794894430814558900"
"yes","Suva","FJD","Fijian Dollar","$","https://flagcdn.com/fj.svg","fj","fj","Hindi","Fiji","fiji@rivermate.com","Oceania","","Mar 1, 2022 1:58 pm","Jun 10, 2022 7:50 pm","","(App admin)","1646139538699x859823584810261800"
"no","Helsinki","EUR","Euro","€","https://flagcdn.com/fi.svg","finnish","fi","Finnish","Finland","finland@rivermate.com","Europe","","Mar 1, 2022 1:58 pm","Jun 10, 2022 7:50 pm","","(App admin)","1646139538699x886102976726958000"
"no","Papeete","XPF","Cfp Franc","₣","https://flagcdn.com/pf.svg","pf","pf","French","French Polynesia","french-polynesia@rivermate.com","Oceania","","Mar 1, 2022 1:58 pm","Jun 10, 2022 7:50 pm","","(App admin)","1646139539039x616751508409835800"
"no","Berlin","EUR","Euro","€","https://flagcdn.com/de.svg","german","de","German","Germany","germany@rivermate.com","Europe","","Mar 1, 2022 1:58 pm","Jun 10, 2022 7:50 pm","","(App admin)","1646139539040x141689482043633630"
"no","Tbilisi","GEL","Georgian Lari","₾","https://flagcdn.com/ge.svg","ge","ge","Georgian","Georgia","georgia@rivermate.com","Asia","","Mar 1, 2022 1:58 pm","Jun 10, 2022 7:50 pm","","(App admin)","1646139539040x335499320019033900"
"no","Port-aux-francais","EUR","Euro","€","https://flagcdn.com/tf.svg","tf","tf","French","French Southern Territories","french-southern-territories@rivermate.com","Africa","","Mar 1, 2022 1:58 pm","Jun 10, 2022 7:50 pm","","(App admin)","1646139539040x587223167828637700"
"no","Accra","GHS","Ghanaian New Cedi","GH₵","https://flagcdn.com/gh.svg","gh","gh","Ewe","Ghana","ghana@rivermate.com","Africa","","Mar 1, 2022 1:58 pm","Jun 10, 2022 7:50 pm","","(App admin)","1646139539040x697413893036389500"
"no","Libreville","XAF","Cfa Franc Beac","FCFA","https://flagcdn.com/ga.svg","ga","ga","French","Gabon","gabon@rivermate.com","Africa","","Mar 1, 2022 1:58 pm","Jun 10, 2022 7:50 pm","","(App admin)","1646139539040x899081340811055000"
"no","Banjul","GMD","Gambian Dalasi","D","https://flagcdn.com/gm.svg","gm","gm","English","Gambia","gambia@rivermate.com","Africa","","Mar 1, 2022 1:58 pm","Jun 10, 2022 7:50 pm","","(App admin)","1646139539040x954812945828672500"
"no","Nuuk","DKK","Danish Krone","kr.","https://flagcdn.com/gl.svg","gl","gl","Danish","Greenland","greenland@rivermate.com","Americas","","Mar 1, 2022 1:58 pm","Jun 10, 2022 7:50 pm","","(App admin)","1646139539041x392016590813766200"
"no","Gibraltar","GIP","Gibraltar Pound","£","https://flagcdn.com/gi.svg","gi","gi","Spanish","Gibraltar","gibraltar@rivermate.com","Europe","","Mar 1, 2022 1:58 pm","Jun 10, 2022 7:50 pm","","(App admin)","1646139539041x627803351023485300"
"no","Athens","EUR","Euro","€","https://flagcdn.com/gr.svg","greek","gr","Greek","Greece","greece@rivermate.com","Europe","","Mar 1, 2022 1:58 pm","Jun 10, 2022 7:50 pm","","(App admin)","1646139539041x950752601657790500"
"no","Saint George's","XCD","East Caribbean Dollar","$","https://flagcdn.com/gd.svg","gd","gd","English","Grenada","grenada@rivermate.com","Americas","","Mar 1, 2022 1:58 pm","Jun 10, 2022 7:50 pm","","(App admin)","1646139539046x170315397429636540"
"no","Basse-terre","EUR","Euro","€","https://flagcdn.com/gp.svg","gp","gp","French","Guadeloupe","guadeloupe@rivermate.com","Americas","","Mar 1, 2022 1:58 pm","Jun 10, 2022 7:50 pm","","(App admin)","1646139539047x129532155241112830"
"no","Bissau","XOF","Cfa Franc Bceao","CFA","https://flagcdn.com/gw.svg","gw","gw","Portuguese","Guinea-Bissau","guinea-bissau@rivermate.com","Africa","","Mar 1, 2022 1:58 pm","Jun 10, 2022 7:50 pm","","(App admin)","1646139539047x171663266147400900"
"no","Saint Peter Port","GBP","Pound Sterling","£","https://flagcdn.com/gg.svg","gg","gg","French","Guernsey","guernsey@rivermate.com","Europe","","Mar 1, 2022 1:58 pm","Jun 10, 2022 7:50 pm","","(App admin)","1646139539047x255921590735776800"
"no","Hagatna","USD","United States Dollar","$","https://flagcdn.com/gu.svg","gu","gu","English","Guam","guam@rivermate.com","Oceania","","Mar 1, 2022 1:58 pm","Jun 10, 2022 7:50 pm","","(App admin)","1646139539047x461569248046866750"
"no","Conakry","GNF","Guinean Franc","FG","https://flagcdn.com/gn.svg","gn","gn","French","Guinea","guinea@rivermate.com","Africa","","Mar 1, 2022 1:58 pm","Jun 10, 2022 7:50 pm","","(App admin)","1646139539047x701019064572308000"
"no","Guatemala City","GTQ","Guatemalan Quetzal","Q","https://flagcdn.com/gt.svg","gt","gt","Spanish","Guatemala","guatemala@rivermate.com","Americas","","Mar 1, 2022 1:58 pm","Jun 10, 2022 7:50 pm","","(App admin)","1646139539047x816090766302484400"
"no","Georgetown","GYD","Guyanese Dollar","$","https://flagcdn.com/gy.svg","gy","gy","English","Guyana","guyana@rivermate.com","Americas","","Mar 1, 2022 1:58 pm","Jun 10, 2022 7:50 pm","","(App admin)","1646139539047x968971178186290200"
"no","Port-au-prince","HTG","Haitian Gourde","G","https://flagcdn.com/ht.svg","ht","ht","French","Haiti","haiti@rivermate.com","Americas","","Mar 1, 2022 1:58 pm","Jun 10, 2022 7:50 pm","","(App admin)","1646139539048x521766984156430960"
"no","-","AUD","Australian Dollar","$","https://flagcdn.com/hm.svg","hm","hm","-","Heard Island and McDonald Islands","heard-island-and-mcdonald-islands@rivermate.com","Oceania","","Mar 1, 2022 1:58 pm","Jun 10, 2022 7:50 pm","","(App admin)","1646139539048x665985509366588300"
"no","-","HKD","Hong Kong Dollar","$","https://flagcdn.com/hk.svg","hong_kong","hk","Chinese","Hong Kong","hong-kong@rivermate.com","Asia","","Mar 1, 2022 1:58 pm","Jun 10, 2022 7:50 pm","","(App admin)","1646139539051x280109193445626340"
"no","Budapest","HUF","Hungarian Forint","Ft","https://flagcdn.com/hu.svg","hungarian","hu","Hungarian","Hungary","hungary@rivermate.com","Europe","","Mar 1, 2022 1:58 pm","Jun 10, 2022 7:50 pm","","(App admin)","1646139539051x292429495026285100"
"no","Vatican City","EUR","Euro","€","https://flagcdn.com/va.svg","va","va","Latin","Holy See","holy-see@rivermate.com","Europe","","Mar 1, 2022 1:58 pm","Jun 10, 2022 7:50 pm","","(App admin)","1646139539051x609502866377045000"
"no","Tegucigalpa","HNL","Honduran Lempira","L","https://flagcdn.com/hn.svg","hn","hn","Spanish","Honduras","honduras@rivermate.com","Americas","","Mar 1, 2022 1:58 pm","Jun 10, 2022 7:50 pm","","(App admin)","1646139539051x887349415073719800"
"no","Reykjavik","ISK","Iceland Krona","kr","https://flagcdn.com/is.svg","is","is","Icelandic","Iceland","iceland@rivermate.com","Europe","","Mar 1, 2022 1:58 pm","Jun 10, 2022 7:50 pm","","(App admin)","1646139539052x171749760976364740"
"no","Dublin","EUR","Euro","€","https://flagcdn.com/ie.svg","irish","ie","Irish","Ireland","ireland@rivermate.com","Europe","","Mar 1, 2022 1:58 pm","Jun 10, 2022 7:50 pm","","(App admin)","1646139539052x181343302852275300"
"no","Tehran","IRR","Iranian Rial","﷼","https://flagcdn.com/ir.svg","ir","ir","Persian","Iran (Islamic Republic of)","iran-islamic-republic-of@rivermate.com","Asia","","Mar 1, 2022 1:58 pm","Jun 10, 2022 7:50 pm","","(App admin)","1646139539052x321186615210353760"
"no","Jakarta","IDR","Indonesian Rupiah","Rp","https://flagcdn.com/id.svg","indonesian","id","Indonesian","Indonesia","indonesia@rivermate.com","Asia","","Mar 1, 2022 1:58 pm","Jun 10, 2022 7:50 pm","","(App admin)","1646139539052x471968889073563400"
"no","New Delhi","INR","Indian Rupee","₹","https://flagcdn.com/in.svg","indian","in","Hindi, English","India","india@rivermate.com","Asia","","Mar 1, 2022 1:58 pm","Jun 10, 2022 7:50 pm","","(App admin)","1646139539052x673874437824699500"
"no","Baghdad","IQD","Iraqi Dinar","د.ع","https://flagcdn.com/iq.svg","iq","iq","Arabic","Iraq","iraq@rivermate.com","Asia","","Mar 1, 2022 1:58 pm","Jun 10, 2022 7:50 pm","","(App admin)","1646139539052x780650701000235900"
"no","Kingston","JMD","Jamaican Dollar","$","https://flagcdn.com/jm.svg","jm","jm","English (jamaican English)","Jamaica","jamaica@rivermate.com","Americas","","Mar 1, 2022 1:58 pm","Jun 10, 2022 7:50 pm","","(App admin)","1646139539054x267502120000970620"
"no","Douglas","GBP","British Pound","£","https://flagcdn.com/im.svg","im","im","English","Isle of Man","isle-of-man@rivermate.com","Europe","","Mar 1, 2022 1:58 pm","Jun 10, 2022 7:50 pm","","(App admin)","1646139539054x280000720737072060"
"no","Tokyo","JPY","Japanese Yen","¥","https://flagcdn.com/jp.svg","japanese","jp","Japanese","Japan","japan@rivermate.com","Asia","","Mar 1, 2022 1:58 pm","Jun 10, 2022 7:50 pm","","(App admin)","1646139539054x543928641783709500"
"no","Jerusalem","ILS","Israeli New Shekel","₪","https://flagcdn.com/il.svg","jewish","il","Hebrew","Israel","israel@rivermate.com","Asia","","Mar 1, 2022 1:58 pm","Jun 10, 2022 7:50 pm","","(App admin)","1646139539054x751335168987009500"
"no","Saint Helier","GBP","British Pound","£","https://flagcdn.com/je.svg","je","je","French","Jersey","jersey@rivermate.com","Europe","","Mar 1, 2022 1:58 pm","Jun 10, 2022 7:50 pm","","(App admin)","1646139539054x900074058721616000"
"no","Roma","EUR","Euro","€","https://flagcdn.com/it.svg","italian","it","Italian","Italy","italy@rivermate.com","Europe","","Mar 1, 2022 1:58 pm","Jun 10, 2022 7:50 pm","","(App admin)","1646139539054x908896855698159100"
"no","Astana","KZT","Kazakhstani Tenge","₸","https://flagcdn.com/kz.svg","kz","kz","Russian","Kazakhstan","kazakhstan@rivermate.com","Asia","","Mar 1, 2022 1:58 pm","Jun 10, 2022 7:50 pm","","(App admin)","1646139539055x163291046380633630"
"no","Amman","JOD","Jordanian Dinar","د.أ","https://flagcdn.com/jo.svg","jo","jo","Arabic","Jordan","jordan@rivermate.com","Asia","","Mar 1, 2022 1:58 pm","Jun 10, 2022 7:50 pm","","(App admin)","1646139539055x676514529164830200"
"no","Pyongyang","KPW","North Korean Won","₩","https://flagcdn.com/kp.svg","kp","kp","Korean","Korea (Democratic People's Republic of)","korea-democratic-peoples-republic-of@rivermate.com","Asia","","Mar 1, 2022 1:59 pm","Jun 10, 2022 7:50 pm","","(App admin)","1646139544931x342342159973387600"
"no","Nairobi","KES","Kenyan Shilling","KSh","https://flagcdn.com/ke.svg","ke","ke","English","Kenya","kenya@rivermate.com","Africa","","Mar 1, 2022 1:59 pm","Jun 10, 2022 7:50 pm","","(App admin)","1646139544931x705763535738019500"
"no","Tarawa","AUD","Australian Dollar","$","https://flagcdn.com/ki.svg","ki","ki","English","Kiribati","kiribati@rivermate.com","Oceania","","Mar 1, 2022 1:59 pm","Jun 10, 2022 7:50 pm","","(App admin)","1646139544931x803210483203368000"
"no","Bishkek","KGS","Kyrgyzstani Som","Лв","https://flagcdn.com/kg.svg","kg","kg","Russian","Kyrgyzstan","kyrgyzstan@rivermate.com","Asia","","Mar 1, 2022 1:59 pm","Jun 10, 2022 7:50 pm","","(App admin)","1646139544932x847934101299129500"
"no","Seoul","KRW","South-korean Won","₩","https://flagcdn.com/kr.svg","south_korea","kr","Korean","Korea (Republic of)","korea-republic-of@rivermate.com","-","","Mar 1, 2022 1:59 pm","Jun 10, 2022 7:50 pm","","(App admin)","1646139544932x911462718346885800"
"no","Kuwait","KWD","Kuwaiti Dinar","KD","https://flagcdn.com/kw.svg","kw","kw","Arabic","Kuwait","kuwait@rivermate.com","Asia","","Mar 1, 2022 1:59 pm","Jun 10, 2022 7:50 pm","","(App admin)","1646139544932x974009785653446400"
"no","Riga","EUR","Euro","€","https://flagcdn.com/lv.svg","latvian","lv","Latvian","Latvia","latvia@rivermate.com","Europe","","Mar 1, 2022 1:59 pm","Jun 10, 2022 7:50 pm","","(App admin)","1646139544933x782095315332698900"
"no","Vientiane","LAK","Lao Kip","₭","https://flagcdn.com/la.svg","la","la","Lao","Lao People's Democratic Republic","lao-peoples-democratic-republic@rivermate.com","Asia","","Mar 1, 2022 1:59 pm","Jun 10, 2022 7:50 pm","","(App admin)","1646139544933x889044767219308900"
"no","Beirut","LBP","Lebanese Pound","LL","https://flagcdn.com/lb.svg","lb","lb","Arabica","Lebanon","lebanon@rivermate.com","Asia","","Mar 1, 2022 1:59 pm","Jun 10, 2022 7:50 pm","","(App admin)","1646139544934x559164839117206400"
"no","Maseru","LSL","Lesotho Loti","M","https://flagcdn.com/ls.svg","ls","ls","English","Lesotho","lesotho@rivermate.com","Africa","","Mar 1, 2022 1:59 pm","Jun 10, 2022 7:50 pm","","(App admin)","1646139544934x833399363930779000"
"no","Monrovia","LRD","Liberian Dollar","$","https://flagcdn.com/lr.svg","lr","lr","English","Liberia","liberia@rivermate.com","Africa","","Mar 1, 2022 1:59 pm","Mar 7, 2022 8:11 pm","","(App admin)","1646139544935x849129480340288500"
"no","Vaduz","CHF","Swiss Franc","Fr.","https://flagcdn.com/li.svg","li","li","German","Liechtenstein","liechtenstein@rivermate.com","Europe","","Mar 1, 2022 1:59 pm","Mar 7, 2022 8:11 pm","","(App admin)","1646139544936x103471306876566690"
"no","Luxembourg","EUR","Euro","€","https://flagcdn.com/lu.svg","lu","lu","French","Luxembourg","luxembourg@rivermate.com","Europe","","Mar 1, 2022 1:59 pm","Mar 7, 2022 8:11 pm","","(App admin)","1646139544936x223314243761096220"
"no","Vilnius","LTL","Lithuanian Litas","Lt","https://flagcdn.com/lt.svg","lithuanian","lt","Lithuanian","Lithuania","lithuania@rivermate.com","Europe","","Mar 1, 2022 1:59 pm","Mar 7, 2022 8:11 pm","","(App admin)","1646139544936x521513152600083600"
"no","Tripoli","LYD","Libyan Dinar","LD","https://flagcdn.com/ly.svg","ly","ly","Arabic","Libya","libya@rivermate.com","Africa","","Mar 1, 2022 1:59 pm","Mar 7, 2022 8:11 pm","","(App admin)","1646139544936x970954859555980300"
"no","Antananarivo","MGA","Malagasy Ariary","Ar","https://flagcdn.com/mg.svg","mg","mg","French","Madagascar","madagascar@rivermate.com","Africa","","Mar 1, 2022 1:59 pm","Mar 7, 2022 8:11 pm","","(App admin)","1646139544937x702956634172229300"
"no","Lilongwe","MWK","Malawian Kwacha","K","https://flagcdn.com/mw.svg","mw","mw","English","Malawi","malawi@rivermate.com","Africa","","Mar 1, 2022 1:59 pm","Mar 7, 2022 8:11 pm","","(App admin)","1646139544937x870460765573086500"
"no","-","HKD","Hong Kong Dollar","$","https://flagcdn.com/mo.svg","mo","mo","Chinese","Macao","macao@rivermate.com","Asia","","Mar 1, 2022 1:59 pm","Mar 7, 2022 8:11 pm","","(App admin)","1646139544937x919481795182118100"
"no","Kuala Lumpur","MYR","Malaysian Ringgit","RM","https://flagcdn.com/my.svg","malaysia","my","Malay","Malaysia","malaysia@rivermate.com","Asia","","Mar 1, 2022 1:59 pm","Mar 7, 2022 8:11 pm","","(App admin)","1646139544938x611358800746563600"
"no","Male","MVR","Maldivian Rufiyaa","Rf","https://flagcdn.com/mv.svg","mv","mv","Maldivian","Maldives","maldives@rivermate.com","Asia","","Mar 1, 2022 1:59 pm","Mar 7, 2022 8:11 pm","","(App admin)","1646139544938x748785971614382300"
"no","Bamako","XOF","Cfa Franc Bceao","CFA","https://flagcdn.com/ml.svg","ml","ml","French","Mali","mali@rivermate.com","Africa","","Mar 1, 2022 1:59 pm","Mar 7, 2022 8:11 pm","","(App admin)","1646139544948x674316832208307300"
"no","Fort-de-france","EUR","Euro","€","https://flagcdn.com/mq.svg","mq","mq","French","Martinique","martinique@rivermate.com","Americas","","Mar 1, 2022 1:59 pm","Mar 7, 2022 8:11 pm","","(App admin)","1646139544949x292718997240293500"
"no","Majuro","USD","United States Dollar","$","https://flagcdn.com/mh.svg","mh","mh","English","Marshall Islands","marshall-islands@rivermate.com","Oceania","","Mar 1, 2022 1:59 pm","Mar 7, 2022 8:11 pm","","(App admin)","1646139544949x381975893992727360"
"no","Nouakchott","MRU","Mauritanian Ouguiya","UM","https://flagcdn.com/mr.svg","mr","mr","Arabic","Mauritania","mauritania@rivermate.com","Africa","","Mar 1, 2022 1:59 pm","Mar 7, 2022 8:11 pm","","(App admin)","1646139544949x551280933443472060"
"no","Valletta","EUR","Euro","€","https://flagcdn.com/mt.svg","mt","mt","Maltese","Malta","malta@rivermate.com","Europe","","Mar 1, 2022 1:59 pm","Mar 7, 2022 8:11 pm","","(App admin)","1646139544949x778054221047258500"
"no","Palikir","USD","United States Dollar","$","https://flagcdn.com/fm.svg","fm","fm","English","Micronesia (Federated States of)","micronesia-federated-states-of@rivermate.com","Oceania","","Mar 1, 2022 1:59 pm","Mar 7, 2022 8:11 pm","","(App admin)","1646139544950x252127890692572800"
"no","Port Louis","MUR","Mauritian Rupee","₨","https://flagcdn.com/mu.svg","mu","mu","French","Mauritius","mauritius@rivermate.com","Africa","","Mar 1, 2022 1:59 pm","Mar 7, 2022 8:11 pm","","(App admin)","1646139544950x538998163401102100"
"no","Mexico City","MXN","Mexican Peso","$","https://flagcdn.com/mx.svg","mexican","mx","Spanish","Mexico","mexico@rivermate.com","Americas","","Mar 1, 2022 1:59 pm","Mar 7, 2022 8:11 pm","","(App admin)","1646139544950x604998083332663200"
"no","Mamoudzou","EUR","Euro","€","https://flagcdn.com/yt.svg","yt","yt","French","Mayotte","mayotte@rivermate.com","Africa","","Mar 1, 2022 1:59 pm","Mar 7, 2022 8:11 pm","","(App admin)","1646139544950x812957385916065700"
"no","Chisinau","MDL","Moldovan Leu","L","https://flagcdn.com/md.svg","md","md","Romanian","Moldova (Republic of)","moldova-republic-of@rivermate.com","-","","Mar 1, 2022 1:59 pm","Mar 7, 2022 8:11 pm","","(App admin)","1646139544951x691193153427252400"
"no","Ulaanbaatar","MNT","Mongolian Tugrik","₮","https://flagcdn.com/mn.svg","mn","mn","Mongolian","Mongolia","mongolia@rivermate.com","Asia","","Mar 1, 2022 1:59 pm","Mar 7, 2022 8:11 pm","","(App admin)","1646139544952x444205610808206200"
"no","Monaco","EUR","Euro","€","https://flagcdn.com/mc.svg","mc","mc","French","Monaco","monaco@rivermate.com","Europe","","Mar 1, 2022 1:59 pm","Mar 7, 2022 8:11 pm","","(App admin)","1646139544952x688661272265123600"
"no","Podgorica","EUR","Euro","€","https://flagcdn.com/me.svg","me","me","Serbian","Montenegro","montenegro@rivermate.com","Europe","","Mar 1, 2022 1:59 pm","Mar 7, 2022 8:11 pm","","(App admin)","1646139544953x503639489917162100"
"no","Maputo","MZN","Mozambican Metical","MT","https://flagcdn.com/mz.svg","mz","mz","Portuguese","Mozambique","mozambique@rivermate.com","Africa","","Mar 1, 2022 1:59 pm","Mar 7, 2022 8:11 pm","","(App admin)","1646139544953x567873217475101600"
"no","Pyinmana","MMK","Myanmar Kyat","K","https://flagcdn.com/mm.svg","mm","mm","Burmese","Myanmar","myanmar@rivermate.com","Asia","","Mar 1, 2022 1:59 pm","Mar 7, 2022 8:11 pm","","(App admin)","1646139544953x631287387902865300"
"no","Rabat","MAD","Moroccan Dirham","DH","https://flagcdn.com/ma.svg","ma","ma","Arabic","Morocco","morocco@rivermate.com","Africa","","Mar 1, 2022 1:59 pm","Mar 7, 2022 8:11 pm","","(App admin)","1646139544953x654000253017416300"
"no","Plymouth","XCD","East Caribbean Dollar","$","https://flagcdn.com/ms.svg","ms","ms","English","Montserrat","montserrat@rivermate.com","Americas","","Mar 1, 2022 1:59 pm","Mar 7, 2022 8:11 pm","","(App admin)","1646139544953x900981198994922400"
"no","Yaren","AUD","Australian Dollar","$","https://flagcdn.com/nr.svg","nr","nr","English","Nauru","nauru@rivermate.com","Oceania","","Mar 1, 2022 1:59 pm","Mar 7, 2022 8:11 pm","","(App admin)","1646139544954x669908512903088600"
"no","Windhoek","NAD","Namibian Dollar","$","https://flagcdn.com/na.svg","na","na","English","Namibia","namibia@rivermate.com","Africa","","Mar 1, 2022 1:59 pm","Mar 7, 2022 8:11 pm","","(App admin)","1646139544954x890605661036813800"
"no","Kathmandu","NPR","Nepalese Rupee","रू","https://flagcdn.com/np.svg","np","np","Nepali","Nepal","nepal@rivermate.com","Asia","","Mar 1, 2022 1:59 pm","Mar 7, 2022 8:11 pm","","(App admin)","1646139544954x942698207605952000"
"no","Wellington","NZD","New Zealand Dollar","$","https://flagcdn.com/nz.svg","new_zealand","nz","English","New Zealand","new-zealand@rivermate.com","Oceania","","Mar 1, 2022 1:59 pm","Mar 7, 2022 8:11 pm","","(App admin)","1646139545153x227050334821564000"
"no","Noumea","XPF","Cfp Franc","₣","https://flagcdn.com/nc.svg","nc","nc","French","New Caledonia","new-caledonia@rivermate.com","Oceania","","Mar 1, 2022 1:59 pm","Mar 7, 2022 8:11 pm","","(App admin)","1646139545153x580205811673949200"
"no","Amsterdam","EUR","Euro","€","https://flagcdn.com/nl.svg","dutch","nl","Dutch","Netherlands","netherlands@rivermate.com","Europe","","Mar 1, 2022 1:59 pm","Mar 7, 2022 8:11 pm","","(App admin)","1646139545153x936931850330698000"
"no","Managua","NIO","Nicaraguan C‚àö√¨rdoba","C$","https://flagcdn.com/ni.svg","ni","ni","Spanish","Nicaragua","nicaragua@rivermate.com","Americas","","Mar 1, 2022 1:59 pm","Mar 7, 2022 8:11 pm","","(App admin)","1646139545153x967456024716307700"
"no","Kingston","AUD","Australian Dollar","$","https://flagcdn.com/nf.svg","nf","nf","English","Norfolk Island","norfolk-island@rivermate.com","Oceania","","Mar 1, 2022 1:59 pm","Mar 7, 2022 8:11 pm","","(App admin)","1646139545154x197625915736766600"
"no","Niamey","NZD","New Zealand Dollar","$","https://flagcdn.com/ne.svg","ne","ne","French","Niger","niger@rivermate.com","Africa","","Mar 1, 2022 1:59 pm","Mar 7, 2022 8:11 pm","","(App admin)","1646139545154x346018026175556540"
"no","Alofi","NZD","New Zealand Dollar","$","https://flagcdn.com/nu.svg","nu","nu","English","Niue","niue@rivermate.com","Oceania","","Mar 1, 2022 1:59 pm","Mar 7, 2022 8:11 pm","","(App admin)","1646139545154x590714363592968800"
"no","Skopje","MKD","Macedonian Denar","den","https://flagcdn.com/mk.svg","mk","mk","Macedonian","North Macedonia","north-macedonia@rivermate.com","Europe","","Mar 1, 2022 1:59 pm","Mar 7, 2022 8:11 pm","","(App admin)","1646139545154x704378613265192800"
"no","Saipan","USD","United States Dollar","$","https://flagcdn.com/mp.svg","mp","mp","English","Northern Mariana Islands","northern-mariana-islands@rivermate.com","Oceania","","Mar 1, 2022 1:59 pm","Mar 7, 2022 8:11 pm","","(App admin)","1646139545154x943985994637665400"
"no","Abuja","NGN","Nigerian Naira","₦","https://flagcdn.com/ng.svg","ng","ng","English","Nigeria","nigeria@rivermate.com","Africa","","Mar 1, 2022 1:59 pm","Mar 7, 2022 8:11 pm","","(App admin)","1646139545154x952539129601722200"
"no","Oslo","NOK","Norwegian Kroner","kr","https://flagcdn.com/no.svg","norwegian","no","Norwegian","Norway","norway@rivermate.com","Europe","","Mar 1, 2022 1:59 pm","Mar 7, 2022 8:11 pm","","(App admin)","1646139545156x212137131536100920"
"no","Islamabad","PKR","Pakistan Rupee","₨","https://flagcdn.com/pk.svg","pk","pk","Urdu","Pakistan","pakistan@rivermate.com","Asia","","Mar 1, 2022 1:59 pm","Mar 7, 2022 8:11 pm","","(App admin)","1646139545156x659090685578890100"
"no","Muscat","OMR","Omani Rial","ر.ع.","https://flagcdn.com/om.svg","om","om","Arabic","Oman","oman@rivermate.com","Asia","","Mar 1, 2022 1:59 pm","Mar 7, 2022 8:11 pm","","(App admin)","1646139545156x781255928255675000"
"no","Melekeok - Palau State Capital","USD","United States Dollar","$","https://flagcdn.com/pw.svg","pw","pw","English","Palau","palau@rivermate.com","Oceania","","Mar 1, 2022 1:59 pm","Mar 7, 2022 8:11 pm","","(App admin)","1646139545156x867827490676314000"
"no","-","ILS","Israeli New Shekel","₪","https://flagcdn.com/ps.svg","ps","ps","English","Palestine, State of","palestine-state-of@rivermate.com","Asia","","Mar 1, 2022 1:59 pm","Mar 7, 2022 8:11 pm","","(App admin)","1646139545157x492181153710624200"
"no","Panama","PAB","Panamanian Balboa","B/.","https://flagcdn.com/pa.svg","pa","pa","Spanish","Panama","panama@rivermate.com","Americas","","Mar 1, 2022 1:59 pm","Mar 7, 2022 8:11 pm","","(App admin)","1646139545157x516236059310921860"
"no","Asuncion","PYG","Paraguayan Guaran‚àö√ß","₲","https://flagcdn.com/py.svg","py","py","Spanish","Paraguay","paraguay@rivermate.com","Americas","","Mar 1, 2022 1:59 pm","Mar 7, 2022 8:11 pm","","(App admin)","1646139545157x531879981990840800"
"no","Lima","PEN","Peruvian Nuevo Sol","S/","https://flagcdn.com/pe.svg","pe","pe","Spanish","Peru","peru@rivermate.com","Americas","","Mar 1, 2022 1:59 pm","Mar 7, 2022 8:11 pm","","(App admin)","1646139545157x573711243895876500"
"no","Port Moresby","PGK","Papua New Guinean Kina","K","https://flagcdn.com/pg.svg","pg","pg","English","Papua New Guinea","papua-new-guinea@rivermate.com","Oceania","","Mar 1, 2022 1:59 pm","Mar 7, 2022 8:11 pm","","(App admin)","1646139545157x625111383299882000"
"no","Manila","PHP","Philippine Peso","₱","https://flagcdn.com/ph.svg","philippines","ph","English","Philippines","philippines@rivermate.com","Asia","","Mar 1, 2022 1:59 pm","Mar 7, 2022 8:11 pm","","(App admin)","1646139545158x439216782585359200"
"no","Adamstown","NZD","New Zealand Dollar","$","https://flagcdn.com/pn.svg","pn","pn","English","Pitcairn","pitcairn@rivermate.com","Oceania","","Mar 1, 2022 1:59 pm","Mar 7, 2022 8:11 pm","","(App admin)","1646139545160x511872566014941400"
"no","Warsaw","PLN","Polish Zloty","zł","https://flagcdn.com/pl.svg","polish","pl","Polish","Poland","poland@rivermate.com","Europe","","Mar 1, 2022 1:59 pm","Mar 7, 2022 8:11 pm","","(App admin)","1646139545161x107517565144006350"
"no","San Juan","USD","United States Dollar","$","https://flagcdn.com/pr.svg","pr","pr","Spanish","Puerto Rico","puerto-rico@rivermate.com","Americas","","Mar 1, 2022 1:59 pm","Mar 7, 2022 8:11 pm","","(App admin)","1646139545161x494111243480001500"
"no","Saint-denis","EUR","Euro","€","https://flagcdn.com/re.svg","re","re","English","Reunion","reunion@rivermate.com","-","","Mar 1, 2022 1:59 pm","Mar 7, 2022 8:11 pm","","(App admin)","1646139545161x518994135149674300"
"no","Doha","QAR","Qatari Riyal","QR","https://flagcdn.com/qa.svg","qa","qa","Arabic","Qatar","qatar@rivermate.com","Asia","","Mar 1, 2022 1:59 pm","Mar 7, 2022 8:11 pm","","(App admin)","1646139545161x625106720330269300"
"no","Bucharest","RON","Romanian New Lei","RON","https://flagcdn.com/ro.svg","romanian","ro","Romanian","Romania","romania@rivermate.com","Europe","","Mar 1, 2022 1:59 pm","Mar 7, 2022 8:11 pm","","(App admin)","1646139545161x659493511569405600"
"no","Lisbon","EUR","Euro","€","https://flagcdn.com/pt.svg","portuguese","pt","Portuguese","Portugal","portugal@rivermate.com","Europe","","Mar 1, 2022 1:59 pm","Mar 7, 2022 8:11 pm","","(App admin)","1646139545161x884073609861732600"
"no","Moscow","RUB","Russian Rouble","₽","https://flagcdn.com/ru.svg","russian","ru","Russian","Russian Federation","russian-federation@rivermate.com","Europe","","Mar 1, 2022 1:59 pm","Mar 7, 2022 8:11 pm","","(App admin)","1646139545162x199699773962135780"
"no","Gustavia","EUR","Euro","€","https://flagcdn.com/bl.svg","bl","bl","French","Saint Barthelemy","saint-barthelemy@rivermate.com","-","","Mar 1, 2022 1:59 pm","Mar 7, 2022 8:11 pm","","(App admin)","1646139545162x351466542245355300"
"no","Kigali","RWF","Rwandan Franc","FRw","https://flagcdn.com/rw.svg","rw","rw","French","Rwanda","rwanda@rivermate.com","Africa","","Mar 1, 2022 1:59 pm","Mar 7, 2022 8:11 pm","","(App admin)","1646139545162x401068090183338100"
"no","Basseterre","XCD","East Caribbean Dollar","$","https://flagcdn.com/kn.svg","kn","kn","English","Saint Kitts and Nevis","saint-kitts-and-nevis@rivermate.com","Americas","","Mar 1, 2022 1:59 pm","Mar 7, 2022 8:11 pm","","(App admin)","1646139545163x477690338222864300"
"no","Jamestown","SHP","Saint Helena Pound","£","https://flagcdn.com/sh.svg","sh","sh","English","Saint Helena, Ascension and Tristan da Cunha","saint-helena-ascension-and-tristan-da-cunha@rivermate.com","Africa","","Mar 1, 2022 1:59 pm","Mar 7, 2022 8:11 pm","","(App admin)","1646139545163x634386650669376240"
"no","Apia","WST","Samoan Tala","WS$","https://flagcdn.com/ws.svg","ws","ws","English","Samoa","samoa@rivermate.com","Oceania","","Mar 1, 2022 1:59 pm","Mar 7, 2022 8:11 pm","","(App admin)","1646139545164x121983460743225300"
"no","Kingstown","XCD","East Caribbean Dollar","$","https://flagcdn.com/vc.svg","vc","vc","English","Saint Vincent and the Grenadines","saint-vincent-and-the-grenadines@rivermate.com","Americas","","Mar 1, 2022 1:59 pm","Mar 7, 2022 8:11 pm","","(App admin)","1646139545164x164860878186409820"
"no","Castries","XCD","East Caribbean Dollar","$","https://flagcdn.com/lc.svg","lc","lc","English","Saint Lucia","saint-lucia@rivermate.com","Americas","","Mar 1, 2022 1:59 pm","Mar 7, 2022 8:11 pm","","(App admin)","1646139545164x220308938097235170"
"no","Marigot","EUR","Euro","€","https://flagcdn.com/mf.svg","mf","mf","French","Saint Martin (French Part)","saint-martin-french-part@rivermate.com","-","","Mar 1, 2022 1:59 pm","Mar 7, 2022 8:11 pm","","(App admin)","1646139545164x352720271977904300"
"no","Sao Tome","STD","Droba","Db","https://flagcdn.com/st.svg","st","st","Portuguese","Sao Tome and Principe","sao-tome-and-principe@rivermate.com","Africa","","Mar 1, 2022 1:59 pm","Mar 7, 2022 8:11 pm","","(App admin)","1646139545164x456778137669193700"
"no","San Marino","EUR","Euro","€","https://flagcdn.com/sm.svg","sm","sm","Italian","San Marino","san-marino@rivermate.com","Europe","","Mar 1, 2022 1:59 pm","Mar 7, 2022 8:11 pm","","(App admin)","1646139545164x838833914931165000"
"no","Riyadh","SAR","Saudi Riyal","SR","https://flagcdn.com/sa.svg","saudiarabian","sa","Arabic","Saudi Arabia","saudi-arabia@rivermate.com","Asia","","Mar 1, 2022 1:59 pm","Mar 7, 2022 8:11 pm","","(App admin)","1646139545165x230984001595269000"
"no","Dakar","XOF","Cfa Franc Bceao","CFA","https://flagcdn.com/sn.svg","sn","sn","French","Senegal","senegal@rivermate.com","Africa","","Mar 1, 2022 1:59 pm","Mar 7, 2022 8:11 pm","","(App admin)","1646139545165x506811137016822660"
"no","Belgrade","RSD","Serbian Dinar","din","https://flagcdn.com/rs.svg","rs","rs","Serbian","Serbia","serbia@rivermate.com","Europe","","Mar 1, 2022 1:59 pm","Mar 7, 2022 8:11 pm","","(App admin)","1646139545355x634514913917478700"
"no","Victoria","SCR","Seychelles Rupee","SR","https://flagcdn.com/sc.svg","sc","sc","French","Seychelles","seychelles@rivermate.com","Africa","","Mar 1, 2022 1:59 pm","Mar 7, 2022 8:11 pm","","(App admin)","1646139545356x308300994796038000"
"no","Singapore","SGD","Singapore Dollar","$","https://flagcdn.com/sg.svg","singapore","sg","English","Singapore","singapore@rivermate.com","Asia","","Mar 1, 2022 1:59 pm","Mar 7, 2022 8:11 pm","","(App admin)","1646139545356x577102899950386200"
"no","Freetown","SLL","Sierra Leonean Leone","Le","https://flagcdn.com/sl.svg","sl","sl","English","Sierra Leone","sierra-leone@rivermate.com","Africa","","Mar 1, 2022 1:59 pm","Mar 7, 2022 8:11 pm","","(App admin)","1646139545356x865398668236505600"
"no","Philipsburg","ANG","Nl Antillian Guilder","ƒ","https://flagcdn.com/sx.svg","sx","sx","Dutch","Sint Maarten (Dutch Part)","sint-maarten-dutch-part@rivermate.com","-","","Mar 1, 2022 1:59 pm","Mar 7, 2022 8:11 pm","","(App admin)","1646139545357x244735412563597660"
"no","Honiara","SBD","Solomon Islands Dollar","$","https://flagcdn.com/sb.svg","sb","sb","English","Solomon Islands","solomon-islands@rivermate.com","Oceania","","Mar 1, 2022 1:59 pm","Mar 7, 2022 8:11 pm","","(App admin)","1646139545357x371964810289391550"
"no","Bratislava","EUR","Euro","€","https://flagcdn.com/sk.svg","slovak","sk","Slovak","Slovakia","slovakia@rivermate.com","Europe","","Mar 1, 2022 1:59 pm","Mar 7, 2022 8:11 pm","","(App admin)","1646139545357x447634443414272060"
"no","Ljubljana","EUR","Euro","€","https://flagcdn.com/si.svg","slovenian","si","Slovene","Slovenia","slovenia@rivermate.com","Europe","","Mar 1, 2022 1:59 pm","Mar 7, 2022 8:11 pm","","(App admin)","1646139545357x836353016154677800"
"no","Cape Town","ZAR","South African Rand","R","https://flagcdn.com/za.svg","sa","za","Afrikaans","South Africa","south-africa@rivermate.com","Africa","","Mar 1, 2022 1:59 pm","Mar 7, 2022 8:11 pm","","(App admin)","1646139545358x378069134012813500"
"no","Mogadishu","SOS","Somali Shilling","Sh.So.","https://flagcdn.com/so.svg","so","so","Arabic","Somalia","somalia@rivermate.com","Africa","","Mar 1, 2022 1:59 pm","Mar 7, 2022 8:11 pm","","(App admin)","1646139545358x987964804184519000"
"no","Madrid","EUR","Euro","€","https://flagcdn.com/es.svg","spain","es","Spanish","Spain","spain@rivermate.com","Europe","","Mar 1, 2022 1:59 pm","Mar 7, 2022 8:11 pm","","(App admin)","1646139545360x125066683481813720"
"no","Juba","SSP","South Sudanese Pound","SD","https://flagcdn.com/ss.svg","ss","ss","English","South Sudan","south-sudan@rivermate.com","Africa","","Mar 1, 2022 1:59 pm","Mar 7, 2022 8:11 pm","","(App admin)","1646139545360x303084014721049150"
"no","Paramaribo","SRD","Surinamese Dollar","$","https://flagcdn.com/sr.svg","sr","sr","Dutch","Suriname","suriname@rivermate.com","Americas","","Mar 1, 2022 1:59 pm","Mar 7, 2022 8:11 pm","","(App admin)","1646139545361x167806077651065700"
"no","Sri Jayewardenepura Kotte","LKR","Sri Lanka Rupee","රු","https://flagcdn.com/lk.svg","lk","lk","Tamil","Sri Lanka","sri-lanka@rivermate.com","Asia","","Mar 1, 2022 1:59 pm","Mar 7, 2022 8:11 pm","","(App admin)","1646139545361x215810236335949540"
"no","Khartoum","SDG","Sudanese Pound","SD","https://flagcdn.com/sd.svg","sd","sd","Arabic","Sudan","sudan@rivermate.com","Africa","","Mar 1, 2022 1:59 pm","Mar 7, 2022 8:11 pm","","(App admin)","1646139545361x476567066297572500"
"no","Longyearbyen","NOK","Norwegian Krone","kr","https://flagcdn.com/sj.svg","sj","sj","Norwegian","Svalbard and Jan Mayen","svalbard-and-jan-mayen@rivermate.com","Europe","","Mar 1, 2022 1:59 pm","Mar 7, 2022 8:11 pm","","(App admin)","1646139545361x952146129353276400"
"no","Damascus","SYP","Syrian Pound","LS","https://flagcdn.com/sy.svg","sy","sy","Arabic","Syrian Arab Republic","syrian-arab-republic@rivermate.com","Asia","","Mar 1, 2022 1:59 pm","Mar 7, 2022 8:11 pm","","(App admin)","1646139545362x290337584308477000"
"no","Stockholm","SEK","Swedish Krona","kr","https://flagcdn.com/se.svg","swedish","se","Swedish","Sweden","sweden@rivermate.com","Europe","","Mar 1, 2022 1:59 pm","Mar 7, 2022 8:11 pm","","(App admin)","1646139545362x456273874975055700"
"yes","Bern","CHF","Swiss Franc","Fr.","https://flagcdn.com/ch.svg","ch","ch","German","Switzerland","switzerland@rivermate.com","Europe","yes","Mar 1, 2022 1:59 pm","Apr 27, 2022 4:21 pm","","(App admin)","1646139545362x632051934370605400"
"no","Taipei","TWD","Taiwan Dollar","NT$","https://flagcdn.com/tw.svg","taiwan","tw","Chinese Tw","Taiwan (Province of China)","taiwan-province-of-china@rivermate.com","-","","Mar 1, 2022 1:59 pm","Mar 7, 2022 8:11 pm","","(App admin)","1646139545363x892007320259133400"
"no","Dushanbe","TJS","Tajikistani Somoni","ЅM","https://flagcdn.com/tj.svg","tj","tj","Persian","Tajikistan","tajikistan@rivermate.com","Asia","","Mar 1, 2022 1:59 pm","Mar 7, 2022 8:11 pm","","(App admin)","1646139545365x298301945446048700"
"no","Dili","NZD","New Zealand Dollar","$","https://flagcdn.com/tl.svg","tl","tl","Portuguese","Timor-Leste","timor-leste@rivermate.com","Asia","","Mar 1, 2022 1:59 pm","Mar 7, 2022 8:11 pm","","(App admin)","1646139545365x631709739599847000"
"no","Lome","XOF","Cfa Franc Bceao","CFA","https://flagcdn.com/tg.svg","tg","tg","French","Togo","togo@rivermate.com","Africa","","Mar 1, 2022 1:59 pm","Mar 7, 2022 8:11 pm","","(App admin)","1646139545365x632895924869526800"
"no","Dodoma","TZS","Tanzanian Shilling","TSh","https://flagcdn.com/tz.svg","tz","tz","English","Tanzania, United Republic of","tanzania-united-republic-of@rivermate.com","Africa","","Mar 1, 2022 1:59 pm","Mar 7, 2022 8:11 pm","","(App admin)","1646139545365x766080615018065400"
"no","Bangkok","THB","Thai Baht","฿","https://flagcdn.com/th.svg","th","th","Thai","Thailand","thailand@rivermate.com","Asia","","Mar 1, 2022 1:59 pm","Mar 7, 2022 8:11 pm","","(App admin)","1646139545365x821197456667058800"
"yes","Ankara","TRY","Turkish Lira","₺","https://flagcdn.com/tr.svg","turkish","tr","Turkish","Turkey","turkey@rivermate.com","Asia","","Mar 1, 2022 1:59 pm","Mar 31, 2022 11:31 am","","(App admin)","1646139545366x447286489483835500"
"no","Tunis","TND","Tunisian Dinar","DT","https://flagcdn.com/tn.svg","tn","tn","Literary Arabic","Tunisia","tunisia@rivermate.com","Africa","","Mar 1, 2022 1:59 pm","Mar 7, 2022 8:11 pm","","(App admin)","1646139545366x573393687759848260"
"no","Nuku'alofa","TOP","Tongan Pa'anga","T$","https://flagcdn.com/to.svg","to","to","English","Tonga","tonga@rivermate.com","Oceania","","Mar 1, 2022 1:59 pm","Mar 7, 2022 8:11 pm","","(App admin)","1646139545366x581890101922943600"
"no","-","NZD","New Zealand Dollar","$","https://flagcdn.com/tk.svg","tk","tk","English","Tokelau","tokelau@rivermate.com","Oceania","","Mar 1, 2022 1:59 pm","Mar 7, 2022 8:11 pm","","(App admin)","1646139545366x750549169055724000"
"no","Port of Spain","TTD","Trinidad/tobago Dollar","$","https://flagcdn.com/tt.svg","tt","tt","English","Trinidad and Tobago","trinidad-and-tobago@rivermate.com","Americas","","Mar 1, 2022 1:59 pm","Mar 7, 2022 8:11 pm","","(App admin)","1646139545366x900081836965307900"
"no","Funafuti","AUD","Australian Dollar","$","https://flagcdn.com/tv.svg","tv","tv","Tuvaluan English","Tuvalu","tuvalu@rivermate.com","Oceania","","Mar 1, 2022 1:59 pm","Mar 7, 2022 8:11 pm","","(App admin)","1646139545368x322933012705718600"
"no","Kampala","UGX","Ugandan Shilling","USh","https://flagcdn.com/ug.svg","ug","ug","English","Uganda","uganda@rivermate.com","Africa","","Mar 1, 2022 1:59 pm","Mar 7, 2022 8:11 pm","","(App admin)","1646139545368x354431957124599100"
"no","Cockburn Town","USD","United States Dollar","$","https://flagcdn.com/tc.svg","tc","tc","English","Turks and Caicos Islands","turks-and-caicos-islands@rivermate.com","Americas","","Mar 1, 2022 1:59 pm","Mar 7, 2022 8:11 pm","","(App admin)","1646139545368x782578431134725900"
"no","Ashgabat","TMT","Turkmenistani Manat","T","https://flagcdn.com/tm.svg","tm","tm","Russian","Turkmenistan","turkmenistan@rivermate.com","Asia","","Mar 1, 2022 1:59 pm","Mar 7, 2022 8:11 pm","","(App admin)","1646139545368x932921822446835500"
"no","Montevideo","UYI","Uruguay Peso En Unidades Indexadas","$","https://flagcdn.com/uy.svg","uy","uy","Spanish","Uruguay","uruguay@rivermate.com","Americas","","Mar 1, 2022 1:59 pm","Mar 7, 2022 8:11 pm","","(App admin)","1646139545369x203289805276963620"
"no","-","USD","United States Dollar","$","https://flagcdn.com/um.svg","um","um","English","United States Minor Outlying Islands","united-states-minor-outlying-islands@rivermate.com","Oceania","","Mar 1, 2022 1:59 pm","Mar 7, 2022 8:11 pm","","(App admin)","1646139545369x276876731721164900"
"no","Kiev","UAH","Ukrainian Hryvnia","₴","https://flagcdn.com/ua.svg","ukrainian","ua","Ukrainian","Ukraine","ukraine@rivermate.com","Europe","","Mar 1, 2022 1:59 pm","Mar 7, 2022 8:11 pm","","(App admin)","1646139545369x391110232115307100"
"no","London","GBP","British Pound","£","https://flagcdn.com/gb.svg","uk","gb","English","United Kingdom of Great Britain and Northern Ireland","united-kingdom-of-great-britain-and-northern-ireland@rivermate.com","Europe","yes","Mar 1, 2022 1:59 pm","Sep 15, 2022 11:50 am","","(App admin)","1646139545369x534595787112001540"
"yes","Washington, D.C.","USD","United States Dollar","$","https://flagcdn.com/us.svg","usa","us","English","United States of America","united-states-of-america@rivermate.com","Americas","","Mar 1, 2022 1:59 pm","Mar 19, 2022 5:10 pm","","(App admin)","1646139545369x557961167994618400"
"no","Abu Dhabi","AED","United Arab Emirates Dirham","د.إ","https://flagcdn.com/ae.svg","ae","ae","Arabic","United Arab Emirates","united-arab-emirates@rivermate.com","Asia","","Mar 1, 2022 1:59 pm","Mar 7, 2022 8:11 pm","","(App admin)","1646139545369x577517113408186500"
"no","Tashkent","UZS","Uzbekistan Som","som","https://flagcdn.com/uz.svg","uz","uz","Uzbek","Uzbekistan","uzbekistan@rivermate.com","Asia","","Mar 1, 2022 1:59 pm","Mar 7, 2022 8:11 pm","","(App admin)","1646139545547x276644039942286460"
"no","Port-vila","VUV","Vanuatu Vatu","VT","https://flagcdn.com/vu.svg","vu","vu","French","Vanuatu","vanuatu@rivermate.com","Oceania","","Mar 1, 2022 1:59 pm","Mar 7, 2022 8:11 pm","","(App admin)","1646139545547x347805043626740800"
"no","Road Town","USD","United States Dollar","$","https://flagcdn.com/vg.svg","vg","vg","English","Virgin Islands (British)","virgin-islands-british@rivermate.com","Americas","","Mar 1, 2022 1:59 pm","Mar 7, 2022 8:11 pm","","(App admin)","1646139545548x189809220226550430"
"no","Ha Noi","VND","Vietnamese Dong","₫","https://flagcdn.com/vn.svg","vietnamese","vn","Vietnamese","Viet Nam","viet-nam@rivermate.com","Asia","","Mar 1, 2022 1:59 pm","Mar 7, 2022 8:11 pm","","(App admin)","1646139545548x394209540077219400"
"no","Caracas","VEF","Venezuelan Bolivar Fuerte","Bs.S.","https://flagcdn.com/ve.svg","ve","ve","Spanish","Venezuela (Bolivarian Republic of)","venezuela-bolivarian-republic-of@rivermate.com","Americas","","Mar 1, 2022 1:59 pm","Mar 7, 2022 8:11 pm","","(App admin)","1646139545548x440684251042097400"
"no","Charlotte Amalie","USD","United States Dollar","$","https://flagcdn.com/vi.svg","vi","vi","English","Virgin Islands (U.S.)","virgin-islands-us@rivermate.com","Americas","","Mar 1, 2022 1:59 pm","Mar 7, 2022 8:11 pm","","(App admin)","1646139545548x603225655156216500"
"no","Sanaa","YER","Yemeni Rial","﷼","https://flagcdn.com/ye.svg","ye","ye","Arabic","Yemen","yemen@rivermate.com","Asia","","Mar 1, 2022 1:59 pm","Mar 7, 2022 8:11 pm","","(App admin)","1646139545549x137827905781208620"
"no","Lusaka","ZMW","Zambian Kwacha","K","https://flagcdn.com/zm.svg","zm","zm","English","Zambia","zambia@rivermate.com","Africa","","Mar 1, 2022 1:59 pm","Mar 7, 2022 8:11 pm","","(App admin)","1646139545549x405853456636254140"
"no","Mata'utu","XPF","Cfp Franc","₣","https://flagcdn.com/wf.svg","wf","wf","French","Wallis and Futuna","wallis-and-futuna@rivermate.com","Oceania","","Mar 1, 2022 1:59 pm","Mar 7, 2022 8:11 pm","","(App admin)","1646139545549x685992069766429000"
"no","Laayoune / El Aaiun","MAD","Moroccan Dirham","DH","https://flagcdn.com/eh.svg","eh","eh","Spanish","Western Sahara","western-sahara@rivermate.com","Africa","","Mar 1, 2022 1:59 pm","Mar 7, 2022 8:11 pm","","(App admin)","1646139545549x785928060239975700"
"yes","Harare","ZWD","Zimbabwe Dollar","$","https://flagcdn.com/zw.svg","zw","zw","English","Zimbabwe","zimbabwe@rivermate.com","Africa","","Mar 1, 2022 1:59 pm","Mar 31, 2022 11:31 am","","(App admin)","1646139545552x270753368387737000"
